{"cameraMode":{"drawMode":0,"name":"Shaded","section":"Shading Mode"},"sceneLighting":false,"audioPlay":false,"sceneViewState":{"m_AlwaysRefresh":false,"showFog":true,"showSkybox":true,"showFlares":true,"showImageEffects":true,"showParticleSystems":true,"showVisualEffectGraphs":true,"m_FxEnabled":true},"in2DMode":false,"pivot":{"x":50.29999923706055,"y":3.592484951019287,"z":64.0999984741211},"rotation":{"x":0.001497454708442092,"y":-0.032094359397888187,"z":0.0000480186972708907,"w":0.9994840025901794},"size":3.518308401107788,"orthographic":true}